citizen_id,cnic,full_name,email,phone,ward_no,address,password_hash,registered_at
1,352012867825,Baahir Ghannam,baahir.ghannam26@hotmail.com,03254744854,Ward-3,"House #45, Hayatabad, Mardan",9b8769a4a742959a2d0298c36fb70623f2dfacda8436237df08d8dfd5b37374c,2026-04-18 07:47:20
2,352018078673,Lutfi Majd Udeen,lutfi.majd udeen33@gmail.com,03154668136,Ward-4,"House #14, Dalazak Road, Nowshera",9b8769a4a742959a2d0298c36fb70623f2dfacda8436237df08d8dfd5b37374c,2026-04-06 23:10:59
3,352014335942,Naadir Umaarah,naadir.umaarah734@outlook.com,03248536477,Ward-10,"House #389, Warsak Road, Peshawar",9b8769a4a742959a2d0298c36fb70623f2dfacda8436237df08d8dfd5b37374c,2025-11-02 00:07:57
4,352018090293,Uhban Liyaqat,uhban.liyaqat349@hotmail.com,03194612365,Ward-13,"House #48, Kohat Road, Peshawar",9b8769a4a742959a2d0298c36fb70623f2dfacda8436237df08d8dfd5b37374c,2026-01-26 13:10:44
5,352012622631,Dameer Tafazal,dameer.tafazal368@hotmail.com,03485437923,Ward-13,"House #275, Peshawar, Peshawar",9b8769a4a742959a2d0298c36fb70623f2dfacda8436237df08d8dfd5b37374c,2025-10-19 11:27:50
6,352017350753,Chawish Raatib,chawish.raatib81@hotmail.com,03497067228,Ward-10,"House #24, University Town, Peshawar",9b8769a4a742959a2d0298c36fb70623f2dfacda8436237df08d8dfd5b37374c,2025-11-28 12:09:57
7,352015855124,Babar Batool,babar.batool82@yahoo.com,03167377459,Ward-5,"House #84, Ring Road, Peshawar",9b8769a4a742959a2d0298c36fb70623f2dfacda8436237df08d8dfd5b37374c,2026-01-22 18:20:12
8,352016960453,Luay Basaam,luay.basaam215@hotmail.com,03143871230,Ward-9,"House #237, University Town, Peshawar",9b8769a4a742959a2d0298c36fb70623f2dfacda8436237df08d8dfd5b37374c,2026-01-26 08:46:51
9,352015528972,Ghulaam Wafeeq,ghulaam.wafeeq948@yahoo.com,03301938483,Ward-4,"House #206, Peshawar, Peshawar",9b8769a4a742959a2d0298c36fb70623f2dfacda8436237df08d8dfd5b37374c,2025-12-13 23:31:33
10,352012110460,Ikrimah Ibraaheem,ikrimah.ibraaheem217@hotmail.com,03239375710,Ward-7,"House #136, Ring Road, Peshawar",9b8769a4a742959a2d0298c36fb70623f2dfacda8436237df08d8dfd5b37374c,2025-10-25 05:26:56
11,352015137722,Aaban Batal,aaban.batal763@hotmail.com,03478187926,Ward-15,"House #186, Bara Road, Peshawar",9b8769a4a742959a2d0298c36fb70623f2dfacda8436237df08d8dfd5b37374c,2025-11-25 04:13:03
12,352013320821,Tahoor Ejlaal,tahoor.ejlaal522@outlook.com,03151790481,Ward-14,"House #322, Hayatabad, Peshawar",9b8769a4a742959a2d0298c36fb70623f2dfacda8436237df08d8dfd5b37374c,2025-11-02 03:08:25
13,352018082668,Karaamat Zaheer,karaamat.zaheer611@gmail.com,03347402509,Ward-10,"House #129, Ring Road, Mardan",9b8769a4a742959a2d0298c36fb70623f2dfacda8436237df08d8dfd5b37374c,2026-04-03 20:26:20
14,352011192619,Taahir Ghauth,taahir.ghauth697@gmail.com,03445476583,Ward-13,"House #151, Kohat Road, Peshawar",9b8769a4a742959a2d0298c36fb70623f2dfacda8436237df08d8dfd5b37374c,2026-02-16 20:18:21
15,352013653446,Baseer Gulshan,baseer.gulshan465@gmail.com,03269398441,Ward-13,"House #468, Saddar, Mardan",9b8769a4a742959a2d0298c36fb70623f2dfacda8436237df08d8dfd5b37374c,2025-10-12 07:49:14
16,352016007072,Aalam Aabid,aalam.aabid862@yahoo.com,03197273233,Ward-13,"House #489, Saddar, Mardan",9b8769a4a742959a2d0298c36fb70623f2dfacda8436237df08d8dfd5b37374c,2026-03-25 23:15:16
17,352011009594,Luqman Ghunayn,luqman.ghunayn614@hotmail.com,03411326765,Ward-2,"House #123, Kohat Road, Peshawar",9b8769a4a742959a2d0298c36fb70623f2dfacda8436237df08d8dfd5b37374c,2025-09-23 11:54:06
18,352015041154,Zaafir Najeeb,zaafir.najeeb900@gmail.com,03159153566,Ward-14,"House #393, Hayatabad, Mardan",9b8769a4a742959a2d0298c36fb70623f2dfacda8436237df08d8dfd5b37374c,2025-10-19 20:10:22
19,352013154051,Madani Tafazal,madani.tafazal676@outlook.com,03453770370,Ward-5,"House #217, Dalazak Road, Nowshera",9b8769a4a742959a2d0298c36fb70623f2dfacda8436237df08d8dfd5b37374c,2025-11-22 06:06:08
20,352014374754,Aadil Wafa,aadil.wafa731@hotmail.com,03357264956,Ward-8,"House #62, Dalazak Road, Peshawar",9b8769a4a742959a2d0298c36fb70623f2dfacda8436237df08d8dfd5b37374c,2025-12-06 06:38:52
21,352014769795,Jahiz Liyaqat,jahiz.liyaqat66@hotmail.com,03114860684,Ward-10,"House #37, University Town, Peshawar",9b8769a4a742959a2d0298c36fb70623f2dfacda8436237df08d8dfd5b37374c,2025-09-23 20:44:35
22,352014841005,Wahb Sabil,wahb.sabil70@gmail.com,03312188789,Ward-9,"House #343, University Town, Peshawar",9b8769a4a742959a2d0298c36fb70623f2dfacda8436237df08d8dfd5b37374c,2026-03-08 12:23:27
23,352014594297,Iesa Aabid,iesa.aabid553@yahoo.com,03468930103,Ward-4,"House #98, Ring Road, Peshawar",9b8769a4a742959a2d0298c36fb70623f2dfacda8436237df08d8dfd5b37374c,2025-10-07 15:10:48
24,352012626229,Sabeeh Layth,sabeeh.layth675@outlook.com,03328106470,Ward-7,"House #345, Ring Road, Peshawar",9b8769a4a742959a2d0298c36fb70623f2dfacda8436237df08d8dfd5b37374c,2025-10-09 05:19:15
25,352012016911,Qay-yoom Kaamil,qay-yoom.kaamil413@hotmail.com,03165171761,Ward-4,"House #230, University Town, Mardan",9b8769a4a742959a2d0298c36fb70623f2dfacda8436237df08d8dfd5b37374c,2025-10-25 10:35:37
26,352018077999,Hazeem Ubaidah,hazeem.ubaidah188@hotmail.com,03395191056,Ward-14,"House #414, Hayatabad, Peshawar",9b8769a4a742959a2d0298c36fb70623f2dfacda8436237df08d8dfd5b37374c,2026-04-02 17:24:13
27,352012642635,Tahawwur Saal,tahawwur.saal52@gmail.com,03154965789,Ward-3,"House #247, Charsadda Road, Mardan",9b8769a4a742959a2d0298c36fb70623f2dfacda8436237df08d8dfd5b37374c,2025-11-23 00:16:09
28,352017728339,Batool Raashid,batool.raashid925@gmail.com,03207358113,Ward-1,"House #475, Charsadda Road, Peshawar",9b8769a4a742959a2d0298c36fb70623f2dfacda8436237df08d8dfd5b37374c,2026-02-24 16:59:07
29,352015785687,Kashan Jabr,kashan.jabr434@outlook.com,03194185957,Ward-5,"House #297, University Town, Peshawar",9b8769a4a742959a2d0298c36fb70623f2dfacda8436237df08d8dfd5b37374c,2026-03-30 13:37:32
30,352012022698,Wafa Kaysan,wafa.kaysan766@hotmail.com,03131841248,Ward-10,"House #471, Ring Road, Mardan",9b8769a4a742959a2d0298c36fb70623f2dfacda8436237df08d8dfd5b37374c,2026-03-26 06:27:15
31,352013641282,Yaman Taheem,yaman.taheem59@gmail.com,03212149597,Ward-10,"House #207, Hayatabad, Peshawar",9b8769a4a742959a2d0298c36fb70623f2dfacda8436237df08d8dfd5b37374c,2025-10-17 13:25:27
32,352015130808,Damurah Tali,damurah.tali593@gmail.com,03492375453,Ward-7,"House #268, Bara Road, Nowshera",9b8769a4a742959a2d0298c36fb70623f2dfacda8436237df08d8dfd5b37374c,2026-01-01 20:46:50
33,352015374922,Jabr Sabiq,jabr.sabiq210@hotmail.com,03255456272,Ward-7,"House #235, Saddar, Peshawar",9b8769a4a742959a2d0298c36fb70623f2dfacda8436237df08d8dfd5b37374c,2026-01-01 18:59:06
34,352012217071,Saad Daamin,saad.daamin10@outlook.com,03492677407,Ward-2,"House #260, Dalazak Road, Peshawar",9b8769a4a742959a2d0298c36fb70623f2dfacda8436237df08d8dfd5b37374c,2025-12-12 23:50:49
35,352013222252,Ghazzal Kamal,ghazzal.kamal956@hotmail.com,03145098412,Ward-6,"House #225, Warsak Road, Peshawar",9b8769a4a742959a2d0298c36fb70623f2dfacda8436237df08d8dfd5b37374c,2026-03-30 23:09:30
36,352016075395,Baashir Omair,baashir.omair627@gmail.com,03456022741,Ward-15,"House #136, Hayatabad, Peshawar",9b8769a4a742959a2d0298c36fb70623f2dfacda8436237df08d8dfd5b37374c,2025-10-15 19:52:23
37,352012795765,Tirdad Maalik,tirdad.maalik761@yahoo.com,03275727085,Ward-10,"House #105, University Town, Peshawar",9b8769a4a742959a2d0298c36fb70623f2dfacda8436237df08d8dfd5b37374c,2025-12-12 12:30:29
38,352019479356,Eesaa Raakin,eesaa.raakin501@hotmail.com,03132548511,Ward-11,"House #23, Charsadda Road, Peshawar",9b8769a4a742959a2d0298c36fb70623f2dfacda8436237df08d8dfd5b37374c,2025-09-02 09:02:53
39,352016596150,Aamir Raid,aamir.raid790@yahoo.com,03263710895,Ward-12,"House #362, Ring Road, Nowshera",9b8769a4a742959a2d0298c36fb70623f2dfacda8436237df08d8dfd5b37374c,2026-02-14 02:19:51
40,352011162230,Ubaydullah Luay,ubaydullah.luay115@gmail.com,03191604451,Ward-14,"House #283, Kohat Road, Nowshera",9b8769a4a742959a2d0298c36fb70623f2dfacda8436237df08d8dfd5b37374c,2025-10-28 12:20:02
41,352018210624,Tahoor Baashir,tahoor.baashir131@gmail.com,03297117837,Ward-15,"House #108, Peshawar, Peshawar",9b8769a4a742959a2d0298c36fb70623f2dfacda8436237df08d8dfd5b37374c,2025-12-06 21:47:08
42,352012724590,Ibn Jabir,ibn.jabir363@outlook.com,03493592974,Ward-15,"House #500, University Town, Peshawar",9b8769a4a742959a2d0298c36fb70623f2dfacda8436237df08d8dfd5b37374c,2025-11-08 18:14:51
43,352017917152,Yawer Nail,yawer.nail26@yahoo.com,03317907400,Ward-13,"House #82, University Town, Peshawar",9b8769a4a742959a2d0298c36fb70623f2dfacda8436237df08d8dfd5b37374c,2025-10-12 23:31:27
44,352017417985,Rabiah Aasif,rabiah.aasif894@gmail.com,03404731818,Ward-4,"House #157, Ring Road, Peshawar",9b8769a4a742959a2d0298c36fb70623f2dfacda8436237df08d8dfd5b37374c,2025-11-28 09:20:37
45,352014740036,Tajudinn Aariz,tajudinn.aariz25@yahoo.com,03356507321,Ward-5,"House #180, Hayatabad, Peshawar",9b8769a4a742959a2d0298c36fb70623f2dfacda8436237df08d8dfd5b37374c,2026-03-17 20:00:18
46,352017705490,Tajammal Rabar,tajammal.rabar696@hotmail.com,03112935113,Ward-15,"House #298, Warsak Road, Peshawar",9b8769a4a742959a2d0298c36fb70623f2dfacda8436237df08d8dfd5b37374c,2025-12-13 02:19:33
47,352011641849,Bahiy Udeen Sabiq,bahiy udeen.sabiq112@outlook.com,03326262632,Ward-7,"House #60, Bara Road, Mardan",9b8769a4a742959a2d0298c36fb70623f2dfacda8436237df08d8dfd5b37374c,2026-01-28 14:16:53
48,352014188992,Najair Faizan,najair.faizan261@gmail.com,03371028374,Ward-9,"House #187, Dalazak Road, Peshawar",9b8769a4a742959a2d0298c36fb70623f2dfacda8436237df08d8dfd5b37374c,2026-02-15 11:58:59
49,352012173965,Gulshan Eshan,gulshan.eshan972@hotmail.com,03496266630,Ward-11,"House #260, Hayatabad, Peshawar",9b8769a4a742959a2d0298c36fb70623f2dfacda8436237df08d8dfd5b37374c,2025-12-30 02:44:31
50,352017851696,Ghauth Ghafoor,ghauth.ghafoor335@outlook.com,03283135534,Ward-4,"House #347, Charsadda Road, Peshawar",9b8769a4a742959a2d0298c36fb70623f2dfacda8436237df08d8dfd5b37374c,2025-11-07 14:03:08
51,352016049101,Daawood Saafir,daawood.saafir416@gmail.com,03295813613,Ward-4,"House #311, Charsadda Road, Nowshera",9b8769a4a742959a2d0298c36fb70623f2dfacda8436237df08d8dfd5b37374c,2026-01-04 03:34:49
52,352018801207,Umar Kaleema,umar.kaleema453@outlook.com,03239576076,Ward-8,"House #146, Saddar, Peshawar",9b8769a4a742959a2d0298c36fb70623f2dfacda8436237df08d8dfd5b37374c,2026-03-20 04:21:39
53,352016623525,Waail Zackariya,waail.zackariya96@yahoo.com,03294768844,Ward-13,"House #13, University Town, Peshawar",9b8769a4a742959a2d0298c36fb70623f2dfacda8436237df08d8dfd5b37374c,2025-09-18 22:44:35
54,352015107776,Awadil Jabir,awadil.jabir487@gmail.com,03397953166,Ward-15,"House #368, Bara Road, Peshawar",9b8769a4a742959a2d0298c36fb70623f2dfacda8436237df08d8dfd5b37374c,2026-01-28 02:56:19
55,352019294272,Rabbani Aryan,rabbani.aryan410@yahoo.com,03191093026,Ward-15,"House #113, Hayatabad, Peshawar",9b8769a4a742959a2d0298c36fb70623f2dfacda8436237df08d8dfd5b37374c,2025-11-08 07:22:57
56,352019689889,Raheel Zahrun,raheel.zahrun476@gmail.com,03455180853,Ward-15,"House #69, Hayatabad, Peshawar",9b8769a4a742959a2d0298c36fb70623f2dfacda8436237df08d8dfd5b37374c,2026-02-28 10:47:19
57,352019910914,Ubadah Man,ubadah.man573@hotmail.com,03389468772,Ward-7,"House #460, Dalazak Road, Peshawar",9b8769a4a742959a2d0298c36fb70623f2dfacda8436237df08d8dfd5b37374c,2025-11-01 19:27:33
58,352018963715,Taial Majd Udeen,taial.majd udeen461@hotmail.com,03255652512,Ward-13,"House #321, Dalazak Road, Mardan",9b8769a4a742959a2d0298c36fb70623f2dfacda8436237df08d8dfd5b37374c,2025-12-02 21:55:59
59,352015606980,Ali Maawiya,ali.maawiya451@gmail.com,03284934149,Ward-5,"House #458, Kohat Road, Peshawar",9b8769a4a742959a2d0298c36fb70623f2dfacda8436237df08d8dfd5b37374c,2026-03-29 18:35:01
60,352012351868,Tadeen Tahawwur,tadeen.tahawwur142@yahoo.com,03247426265,Ward-12,"House #33, Saddar, Peshawar",9b8769a4a742959a2d0298c36fb70623f2dfacda8436237df08d8dfd5b37374c,2026-02-09 02:50:56
61,352017838382,Arham Urrab,arham.urrab339@outlook.com,03362044645,Ward-4,"House #464, Charsadda Road, Peshawar",9b8769a4a742959a2d0298c36fb70623f2dfacda8436237df08d8dfd5b37374c,2026-04-15 20:00:52
62,352011327691,Ihsaan Ayamin,ihsaan.ayamin878@outlook.com,03401098919,Ward-6,"House #437, Warsak Road, Peshawar",9b8769a4a742959a2d0298c36fb70623f2dfacda8436237df08d8dfd5b37374c,2026-02-10 17:33:41
63,352014700025,Jahangir Souma,jahangir.souma500@yahoo.com,03278312114,Ward-8,"House #173, Peshawar, Peshawar",9b8769a4a742959a2d0298c36fb70623f2dfacda8436237df08d8dfd5b37374c,2026-02-05 00:30:16
64,352013768991,Kaamil Sair,kaamil.sair861@outlook.com,03189961107,Ward-1,"House #289, Charsadda Road, Nowshera",9b8769a4a742959a2d0298c36fb70623f2dfacda8436237df08d8dfd5b37374c,2025-09-11 12:36:33
65,352012408404,Wafi Babar,wafi.babar659@outlook.com,03188746014,Ward-3,"House #195, Peshawar, Peshawar",9b8769a4a742959a2d0298c36fb70623f2dfacda8436237df08d8dfd5b37374c,2026-01-06 03:08:52
66,352014551070,Nafees Daamin,nafees.daamin466@hotmail.com,03317360682,Ward-5,"House #428, Charsadda Road, Peshawar",9b8769a4a742959a2d0298c36fb70623f2dfacda8436237df08d8dfd5b37374c,2025-10-02 19:25:17
67,352018890439,Quddoos Bashaar,quddoos.bashaar20@gmail.com,03324761823,Ward-11,"House #387, Hayatabad, Peshawar",9b8769a4a742959a2d0298c36fb70623f2dfacda8436237df08d8dfd5b37374c,2025-09-13 01:13:13
68,352015148725,Tahoor Zackariya,tahoor.zackariya205@gmail.com,03493556551,Ward-4,"House #343, Saddar, Mardan",9b8769a4a742959a2d0298c36fb70623f2dfacda8436237df08d8dfd5b37374c,2025-10-15 10:11:12
69,352014656838,Sabir Qadeer,sabir.qadeer477@hotmail.com,03333815034,Ward-10,"House #399, Bara Road, Peshawar",9b8769a4a742959a2d0298c36fb70623f2dfacda8436237df08d8dfd5b37374c,2025-11-03 14:24:28
70,352016218367,Atfat Baaree,atfat.baaree111@gmail.com,03297296605,Ward-7,"House #304, University Town, Peshawar",9b8769a4a742959a2d0298c36fb70623f2dfacda8436237df08d8dfd5b37374c,2025-12-04 07:31:13
71,352012709620,Laith Daamin,laith.daamin714@hotmail.com,03483030966,Ward-13,"House #178, Bara Road, Peshawar",9b8769a4a742959a2d0298c36fb70623f2dfacda8436237df08d8dfd5b37374c,2026-03-26 21:32:44
72,352018186990,Nafees Badr Udeen,nafees.badr udeen678@hotmail.com,03149488613,Ward-11,"House #435, Kohat Road, Peshawar",9b8769a4a742959a2d0298c36fb70623f2dfacda8436237df08d8dfd5b37374c,2026-02-11 03:13:52
73,352019224219,Mabad Omeir,mabad.omeir109@outlook.com,03338713146,Ward-12,"House #91, Saddar, Peshawar",9b8769a4a742959a2d0298c36fb70623f2dfacda8436237df08d8dfd5b37374c,2026-03-22 15:01:55
74,352015531230,Ghazalan Waahid,ghazalan.waahid631@outlook.com,03398307727,Ward-14,"House #166, Bara Road, Peshawar",9b8769a4a742959a2d0298c36fb70623f2dfacda8436237df08d8dfd5b37374c,2025-12-05 08:10:50
75,352012453962,Basharat Nadeem,basharat.nadeem286@outlook.com,03258796514,Ward-10,"House #173, Bara Road, Peshawar",9b8769a4a742959a2d0298c36fb70623f2dfacda8436237df08d8dfd5b37374c,2025-09-12 03:30:12
76,352019293086,Maawiya Zahrun,maawiya.zahrun872@hotmail.com,03219179730,Ward-4,"House #175, Kohat Road, Peshawar",9b8769a4a742959a2d0298c36fb70623f2dfacda8436237df08d8dfd5b37374c,2025-12-18 14:36:21
77,352015635017,Ibrahim Kaleem,ibrahim.kaleem570@gmail.com,03434205394,Ward-2,"House #251, University Town, Peshawar",9b8769a4a742959a2d0298c36fb70623f2dfacda8436237df08d8dfd5b37374c,2026-04-04 14:37:02
78,352015031966,Babar Zaheer,babar.zaheer708@outlook.com,03418519121,Ward-13,"House #151, Peshawar, Peshawar",9b8769a4a742959a2d0298c36fb70623f2dfacda8436237df08d8dfd5b37374c,2025-11-26 01:25:41
79,352017784725,Ghunayn Wadood,ghunayn.wadood709@yahoo.com,03297191135,Ward-8,"House #177, Dalazak Road, Mardan",9b8769a4a742959a2d0298c36fb70623f2dfacda8436237df08d8dfd5b37374c,2026-02-13 05:58:58
80,352016549757,Baaqir Naeem,baaqir.naeem361@outlook.com,03276144280,Ward-5,"House #370, University Town, Peshawar",9b8769a4a742959a2d0298c36fb70623f2dfacda8436237df08d8dfd5b37374c,2025-11-14 19:00:56
